<?xml version="1.0"?>
<!DOCTYPE module PUBLIC "-//Puppy Crawl//DTD Check Configuration 1.3//EN" "http://www.puppycrawl.com/dtds/configuration_1_3.dtd">
<module name="Checker">
  <!-- per gestire le difficoltà di indentazione -->
  <module name="SuppressionFilter">
    <property name="file" value="conf/syntax/suppressions.xml"/>
    <property name="optional" value="true"/>
  </module>
  <module name="FileTabCharacter">
    <property name="eachLine" value="true" />
    <property name="fileExtensions" value="java,properties,yml,xml" />
  </module>
  <module name="TreeWalker">
    <module name="LineLength">
      <property name="max" value="120"/>
    </module>
    <module name="AnnotationUseStyle" />
    <module name="SuppressWarnings">
      <property name="format" value="^unused$" />
    </module>
    <module name="LeftCurly" />
    <module name="AvoidNestedBlocks" />
    <!--<module name="FinalClass" />-->
    <module name="EmptyStatement" />
    <module name="InnerAssignment" />
    <module name="MissingSwitchDefault" />
    <module name="NestedIfDepth">
      <property name="max" value="3" />
    </module>
    <module name="FallThrough" />
    <module name="AvoidStarImport" />
    <!-- Per ora, considerato controverso
    <module name="NonEmptyAtclauseDescription" / -->
    <module name="CommentsIndentation" />
    <module name="Indentation">
      <property name="basicOffset" value="2" />
      <property name="braceAdjustment" value="0" />
      <property name="caseIndent" value="0" />
      <property name="throwsIndent" value="2" />
      <property name="arrayInitIndent" value="4" />
      <property name="lineWrappingIndentation" value="2" />
      <property name="forceStrictCondition" value="false" />
    </module>
    <module name="OuterTypeFilename" />
    <module name="EmptyForInitializerPad" />
    <module name="EmptyForIteratorPad" />
    <module name="MethodParamPad" />
    <module name="NoWhitespaceBefore" />
    <module name="CustomImportOrder">
      <property name="customImportOrderRules"
        value="STATIC###STANDARD_JAVA_PACKAGE###SPECIAL_IMPORTS"/>
      <property name="standardPackageRegExp" value=" ^(java|javax)\."/>
      <property name="thirdPartyPackageRegExp" value=" ^(org|com)\."/>
      <property name="specialImportsRegExp" value=".*"/>
    </module>
    <module name="IllegalImport">
      <property name="illegalPkgs" value="edu.emory.mathcs.backport"/>
    </module>
    <!-- Da attivare in futuro
    <module name="AnonInnerLength" / -->
  </module>
</module>
